Date,Underlying1,Underlying2,Underlying3,Underlying4,Underlying5,Underlying6
31-Jan-20,197.2565462,253.2833574,653.3053943,20.35620804,19725.30928,1266.071905
03-Feb-20,197.1250174,253.2606685,652.4145866,54.05830573,19706.3588,1266.121789
04-Feb-20,196.7628608,252.9797356,649.985021,41.31773967,19668.96519,1264.596427
05-Feb-20,197.4181896,252.9168335,653.6016017,20.06566861,19734.36801,1264.183341
06-Feb-20,197.484625,252.8116535,652.4050183,25.65248959,19745.61996,1263.9965
07-Feb-20,196.8689152,253.0303321,653.6429088,37.68101801,19679.75412,1264.773515
10-Feb-20,197.0006138,253.4435202,656.0759786,25.20702033,19694.05244,1266.902343
11-Feb-20,196.9596134,253.435281,653.7035717,44.5424469,19694.62968,1266.894938
12-Feb-20,196.9339432,253.1693393,653.1703341,18.39444291,19687.43995,1265.59798
13-Feb-20,197.4272325,253.2361548,653.3531225,49.43496479,19733.45045,1265.947526
14-Feb-20,197.6326329,253.0197711,655.9235165,48.78335095,19758.30737,1264.983369
18-Feb-20,197.5363474,252.2545779,655.8210253,55.01671242,19751.13648,1261.119294
19-Feb-20,197.9221362,252.0694389,652.8850005,21.76940476,19787.90046,1260.303983
20-Feb-20,198.4836348,252.2199353,656.3581061,22.48221214,19844.90081,1260.797203
21-Feb-20,198.7734193,252.2580285,660.5749175,37.55703738,19872.91074,1261.163168
24-Feb-20,199.6896384,253.0710605,674.6300044,44.77032751,19961.50022,1265.392524
25-Feb-20,198.3011808,253.2109313,674.3963734,59.3993296,19824.52705,1265.808574
26-Feb-20,197.7607447,253.470616,676.3654326,55.38820727,19769.50518,1266.871176
27-Feb-20,197.5971296,254.0171403,685.7590972,45.91867843,19753.85742,1269.969771
28-Feb-20,195.5438757,253.9015474,679.7589741,53.30361265,19552.56101,1269.533985
02-Mar-20,196.2774833,253.4758354,669.7852658,0.950698622,19617.92782,1267.122073
03-Mar-20,196.2022915,253.3426097,670.7785128,49.60401654,19613.78366,1266.503533
04-Mar-20,196.355852,253.483271,666.2044457,29.38421163,19634.00983,1267.014561
05-Mar-20,197.6302606,253.964853,672.9348484,38.90115254,19753.31246,1269.480944
06-Mar-20,196.7728617,254.6071873,696.1330069,5.293839197,19673.505,1272.745387
09-Mar-20,192.9769635,255.2371103,725.0688336,18.47326345,19289.54019,1276.108645
10-Mar-20,192.5499296,254.4243643,708.7958656,21.04160521,19250.43507,1272.140676
11-Mar-20,192.4695213,254.872963,712.5497521,55.53575375,19244.39631,1274.380229
12-Mar-20,191.2220063,255.6123433,728.4121819,55.61185538,19117.33728,1278.01434
13-Mar-20,189.5827762,255.2706075,722.3668901,58.95038275,18953.8522,1276.05113
16-Mar-20,187.5231634,255.7553382,746.2931961,52.52829567,18750.20946,1278.477672
17-Mar-20,187.6647196,256.4645035,765.1385884,49.75104015,18764.84418,1282.052112
18-Mar-20,183.9433445,257.2094346,783.7506506,59.00255435,18389.90611,1285.706456
19-Mar-20,184.5515707,256.3721395,755.6412207,27.02183775,18453.72037,1281.661114
20-Mar-20,183.7407923,256.5283012,766.2004633,61.91599605,18365.11,1282.575311
23-Mar-20,184.3060195,257.2909076,774.9528996,75.83136477,18421.70182,1286.231941
24-Mar-20,186.5729837,257.1158519,761.5099565,38.81256885,18648.80021,1285.289077
25-Mar-20,186.6632596,257.3955676,754.4046509,27.92159443,18659.02173,1286.759234
26-Mar-20,187.06353,258.4111021,762.1071454,23.33928497,18704.59753,1291.620014
27-Mar-20,187.6402526,259.2209749,766.119563,49.13140403,18756.38802,1296.04126
30-Mar-20,187.3947441,260.4121343,776.9461601,1.079440468,18738.60232,1301.710485
31-Mar-20,187.1080757,261.1727739,771.2715437,31.57291334,18707.04945,1305.829668
01-Apr-20,187.065755,261.8240026,797.9784552,52.88532087,18699.09818,1309.039891
02-Apr-20,188.2403888,260.5892184,785.6467573,69.46778872,18815.39397,1302.686549
03-Apr-20,187.4710005,260.096161,780.6050448,61.70329281,18745.0144,1300.08688
06-Apr-20,188.2544439,260.8312516,778.1314444,42.73118492,18822.19123,1303.978625
07-Apr-20,187.8414061,261.4375121,766.2745177,34.01978656,18774.58197,1306.844156
08-Apr-20,187.3676092,262.1645327,768.3702846,72.64671147,18729.1166,1310.73908
09-Apr-20,188.679527,264.0584874,772.0517695,40.61145857,18865.48228,1319.851353
13-Apr-20,188.0851432,264.9127593,775.8649031,7.878137561,18807.20767,1324.533766
14-Apr-20,189.046792,266.1478814,776.6642997,72.15277344,18902.45591,1330.49243
15-Apr-20,190.0778699,266.6686892,785.9126441,16.01821701,18999.15166,1333.002719
16-Apr-20,189.9420796,265.7504319,783.0456921,17.96331371,18990.04609,1328.704533
17-Apr-20,188.9248423,265.6649655,780.4665618,75.81882411,18884.35363,1328.046506
20-Apr-20,189.2878256,265.9065633,786.4210623,5.642740714,18924.85073,1329.22004
21-Apr-20,191.6493744,268.0000618,801.9770473,19.77812214,19161.29662,1339.666592
22-Apr-20,191.5608067,266.7144499,796.3780296,76.89139186,19152.51421,1333.549583
23-Apr-20,191.8518377,266.785845,790.3330489,40.30703576,19179.75474,1333.800785
24-Apr-20,191.9492857,267.3446309,796.1000347,68.86197766,19188.20967,1336.350942
27-Apr-20,192.2258355,268.6656638,802.2420692,46.63187437,19217.09955,1343.285994
28-Apr-20,192.091784,268.5728937,802.4347583,6.698300941,19201.47781,1342.866006
29-Apr-20,191.6125596,268.4794607,794.2237977,24.47537858,19159.15039,1342.382778
30-Apr-20,189.530993,266.5736422,775.9339599,22.84411169,18944.77223,1332.779133
01-May-20,189.5314447,266.3745966,775.3911067,68.24629855,18947.87697,1331.515888
04-May-20,189.4544162,264.9205289,780.4962095,6.060897149,18945.32405,1324.607999
05-May-20,188.494502,262.0379133,764.8537575,57.19805089,18844.26081,1309.746489
06-May-20,189.5479693,263.4284615,774.2344888,64.03083608,18948.25579,1317.017503
07-May-20,190.6522229,263.8183922,767.2231497,44.64963714,19061.87676,1318.758407
08-May-20,189.6275075,264.1901146,760.9090728,4.605757845,18962.66112,1321.005946
11-May-20,190.3782727,264.2381779,762.4979802,8.869241209,19030.17425,1320.793306
12-May-20,190.8430227,264.3585001,763.9714412,51.18115893,19081.79036,1321.808575
13-May-20,191.4877661,265.6466631,771.4173811,30.08701809,19141.8893,1327.91042
14-May-20,191.1192791,265.1970228,767.0002565,0.584085998,19110.47807,1325.688439
15-May-20,191.2370657,265.0893325,764.5157935,73.61263918,19120.97545,1325.251391
18-May-20,189.8827324,264.2894715,750.7192071,39.03203365,18987.69183,1321.128722
19-May-20,190.6722315,264.145158,752.7578808,15.32588619,19058.34609,1320.744592
20-May-20,190.851089,264.3249843,747.4508973,69.97999812,19083.36564,1321.277008
21-May-20,189.8237067,264.8533242,748.0015399,16.97785916,18977.31141,1324.030427
22-May-20,190.2009468,265.0665912,749.9371135,50.2988421,19017.31838,1325.052996
26-May-20,188.976533,264.5345635,747.0102372,52.70471857,18892.37088,1322.32426
27-May-20,189.359548,264.9209513,747.8662673,66.50260721,18926.57648,1324.331492
28-May-20,189.5723531,265.2631628,747.6654339,34.03008762,18951.31453,1325.942004
29-May-20,189.9601318,264.958903,748.2182116,0.80684241,18993.26426,1324.606356
01-Jun-20,190.5923974,265.3026024,749.5266428,45.13534546,19053.0393,1326.255639
02-Jun-20,189.4463852,265.3265114,748.8235443,65.97631884,18941.25211,1326.600755
03-Jun-20,188.2636055,265.3620322,746.6203843,37.1936545,18824.57606,1326.803344
04-Jun-20,188.685921,265.5519572,747.432189,24.29296657,18864.64298,1327.408203
05-Jun-20,187.2450543,265.5804295,746.23868,51.331933,18719.64929,1327.841173
08-Jun-20,188.2333577,265.7498426,746.9428569,69.10509007,18821.43999,1328.615581
09-Jun-20,188.3355517,265.9532289,747.9790603,1.930214828,18824.05259,1329.461827
10-Jun-20,188.1796381,265.7920167,747.7444497,33.57653905,18814.22205,1328.563536
11-Jun-20,189.457911,265.9391704,746.7830197,71.19161519,18942.11552,1329.313342
12-Jun-20,189.7716425,266.2377638,748.4954089,62.31897739,18970.60301,1330.865433
15-Jun-20,189.1261046,266.2677789,749.2681338,7.304808094,18911.27205,1331.15613
16-Jun-20,188.8061178,266.393825,749.9775263,58.85300908,18874.85234,1331.892369
17-Jun-20,189.0133678,266.2012992,749.6528454,28.32722136,18893.84162,1330.641088
18-Jun-20,188.7812119,266.0683019,749.361678,69.45560072,18877.36616,1330.050171
19-Jun-20,189.0787875,266.0442967,749.4411477,48.58217558,18903.46336,1330.006543
22-Jun-20,189.0248266,266.1001328,750.5315494,69.43116405,18902.19848,1330.111001
23-Jun-20,189.9154558,266.1069373,750.4773667,55.18744501,18984.34449,1330.389292
24-Jun-20,190.9237502,266.1552779,751.3968354,7.449535733,19082.57926,1330.780037
25-Jun-20,191.2361208,266.5210296,754.2121535,30.07768633,19118.82115,1332.321115
26-Jun-20,191.5399408,266.5481346,756.2966858,21.89239664,19152.07538,1332.564218
29-Jun-20,190.3904986,265.726793,750.4951856,71.92205746,19029.16996,1328.453777
30-Jun-20,190.8108419,265.7537321,749.5398197,36.366163,19072.50181,1328.613133
01-Jul-20,189.4677914,266.219291,748.3994547,52.73215484,18938.90038,1330.850688
02-Jul-20,189.5786836,265.8235644,747.9016312,9.002960632,18956.71359,1328.791012
06-Jul-20,190.0665357,264.9105924,748.9383452,48.74238214,19001.81521,1324.437843
07-Jul-20,190.4108176,264.6839265,748.1999453,9.68975846,19036.25527,1323.195277
08-Jul-20,190.7562303,264.8282576,750.9700689,26.65371491,19070.83993,1323.790084
09-Jul-20,190.5038647,264.7184015,749.7038623,57.48617297,19043.85866,1323.285933
10-Jul-20,191.0419435,264.5658906,749.4433741,54.50112152,19095.11703,1322.651673
13-Jul-20,192.3897081,264.9492426,750.4579655,5.272292748,19234.01468,1324.494103
14-Jul-20,191.8752888,265.0388541,751.0702653,45.57012183,19185.89146,1325.228938
15-Jul-20,191.4627685,264.647839,750.6872602,3.517104459,19142.2024,1322.982272
16-Jul-20,191.3931149,264.7264207,748.1847354,39.18191082,19133.92084,1323.410102
17-Jul-20,191.1076679,264.7963106,749.0871099,67.87545106,19104.74342,1323.721429
20-Jul-20,192.088096,265.128031,750.4117393,47.3790221,19204.7783,1325.632005
21-Jul-20,193.0225909,264.8570384,752.2841042,41.37495152,19292.71185,1324.08366
22-Jul-20,193.3565285,265.0361927,754.0049134,0.778800719,19333.35878,1325.145408
23-Jul-20,193.9685423,264.5366117,754.9341331,47.21902311,19396.81607,1322.490175
24-Jul-20,193.3325819,264.4785692,756.7744072,47.40568859,19331.10046,1322.214354
27-Jul-20,194.797847,264.9385806,758.0482158,30.35978114,19477.8332,1324.422976
28-Jul-20,194.7504853,264.5834599,758.1077543,70.98380702,19468.25281,1322.763798
29-Jul-20,194.3770101,264.429136,759.9837431,62.19075622,19433.24419,1321.80965
30-Jul-20,193.9070176,264.66941,761.3650083,9.793716011,19383.80637,1323.264137
31-Jul-20,194.6046035,264.9867844,763.0522579,22.77932856,19454.83224,1324.482228
03-Aug-20,193.9838633,263.8284821,756.2891084,65.33982437,19397.38384,1318.996414
04-Aug-20,194.9814896,263.6019965,756.807067,15.75092414,19496.74821,1317.839132
05-Aug-20,195.4177681,263.8979625,758.9061668,20.17071387,19536.47322,1319.040684
06-Aug-20,196.8902833,264.1741601,761.7468713,27.97928873,19684.20891,1320.598737
07-Aug-20,195.566658,264.0898732,756.7470845,23.18641838,19550.92356,1320.174124
10-Aug-20,196.5164513,264.193302,757.2347792,3.441653259,19649.42742,1320.949427
11-Aug-20,193.9681299,264.151051,746.757256,21.66077349,19395.21293,1320.321587
12-Aug-20,193.3864426,263.903729,745.9787971,47.52094089,19332.4247,1319.341139
13-Aug-20,193.9785434,263.5869047,746.2228785,25.92692674,19392.38004,1317.87947
14-Aug-20,193.1514546,263.111327,742.9926255,21.757747,19307.96872,1315.483737
17-Aug-20,194.3236859,263.3113976,744.7821273,71.74555083,19425.0131,1316.233453
18-Aug-20,194.4926378,263.1294062,747.887001,30.68833538,19445.06026,1315.405618
19-Aug-20,194.1061957,263.0083705,745.1031493,72.06232747,19404.86102,1314.847904
20-Aug-20,193.4256839,263.3856871,743.6279634,60.80092267,19341.40966,1316.782065
21-Aug-20,193.1194385,263.1214987,742.7323599,61.82964103,19311.59852,1315.577053
24-Aug-20,192.9015524,262.9904297,740.8986839,62.19494458,19283.75842,1314.629856
25-Aug-20,191.9203319,262.9885681,737.1011998,39.07348614,19183.29451,1314.508903
26-Aug-20,193.1585853,263.1165831,740.3953264,42.16638799,19307.54407,1315.36123
27-Aug-20,192.3703636,262.6731452,738.9563456,46.42180304,19231.48246,1313.053465
28-Aug-20,193.5525609,262.8965382,739.9906074,69.72013248,19349.20379,1314.513751
31-Aug-20,193.9601708,263.3849426,741.0992302,17.7177071,19389.14901,1316.8259
01-Sep-20,193.6614444,263.8138076,741.4599924,69.7367859,19358.94602,1318.880246
02-Sep-20,193.5303498,263.8122856,739.5876668,71.56129267,19347.0363,1318.971703
03-Sep-20,193.143098,263.5745926,738.0208938,4.161075798,19308.50695,1317.777328
04-Sep-20,193.6130339,262.9449428,740.5835247,32.49052791,19356.53816,1314.800053
08-Sep-20,195.0860565,263.8784857,738.9900109,67.18884343,19508.33243,1318.945353
09-Sep-20,194.6376406,264.0968333,739.9041647,69.94172329,19462.137,1320.218546
10-Sep-20,195.004944,264.4207349,738.4424424,22.0287891,19494.34334,1321.781199
11-Sep-20,194.8946278,264.5519714,740.1751897,69.12777299,19485.49121,1322.518614
14-Sep-20,195.2299351,264.6561565,741.5098302,6.802253629,19522.49509,1323.320049
15-Sep-20,195.2371794,264.7609759,741.2899538,66.734033,19520.68169,1323.534988
16-Sep-20,194.7996571,265.1761847,741.9537688,66.34845877,19470.94552,1325.540269
17-Sep-20,193.5693445,265.4810635,742.9118812,7.74156279,19350.17419,1327.146126
18-Sep-20,192.7852707,265.2854579,744.8794584,1.833080014,19277.30287,1326.353193
21-Sep-20,191.5586216,265.1802474,741.1588845,51.0244736,19146.31819,1325.817017
22-Sep-20,191.7319626,265.7123906,742.2514654,19.41591005,19167.95608,1328.434786
23-Sep-20,189.4140991,264.2021582,738.4240359,20.87153882,18932.26017,1320.54362
24-Sep-20,188.5963356,264.152659,735.691803,1.182353646,18856.20409,1320.488555
25-Sep-20,189.1192881,264.27084,735.6389447,55.558334,18904.16892,1321.356815
28-Sep-20,189.2947499,264.5074562,736.9964155,73.46306793,18920.12473,1322.270758
29-Sep-20,191.5856803,265.9118034,737.2138247,49.31155901,19154.78084,1329.191487
30-Sep-20,190.4283864,266.0917257,739.8444921,71.67005885,19033.22849,1330.159366
01-Oct-20,191.0712661,265.7479,737.3245457,8.474908983,19106.77585,1328.469447
02-Oct-20,192.2830866,266.177884,737.1815745,11.51477798,19224.01761,1330.488496
05-Oct-20,190.5904708,265.622162,737.5432028,26.47986837,19058.27152,1327.828112
06-Oct-20,189.9015152,265.3649179,737.8420526,48.28973949,18987.23302,1326.729444
07-Oct-20,189.6114755,264.1779897,737.9568226,63.48145004,18951.89292,1320.488797
08-Oct-20,188.9042057,263.3880825,737.6611335,14.30999005,18890.41053,1316.769028
09-Oct-20,190.333206,262.9772491,738.0925203,32.32654112,19028.65186,1314.757755
12-Oct-20,190.4289338,262.9810681,738.2310417,31.6490493,19035.33259,1314.714009
13-Oct-20,189.2333849,263.2465399,738.3502904,2.37061125,18917.88369,1315.967483
14-Oct-20,189.5478314,262.7733363,738.5102155,66.02605303,18950.1958,1313.727018
15-Oct-20,189.0090207,262.0300287,738.8891525,40.32241941,18897.07505,1309.839468
16-Oct-20,188.9844665,262.0319319,739.3299151,46.58733574,18893.91469,1309.986737
19-Oct-20,189.6710152,261.8487396,740.6119914,60.75142856,18959.39181,1308.84459
20-Oct-20,190.1131246,262.2347003,741.1299773,71.86025803,19003.09671,1311.07452
21-Oct-20,191.2416389,261.7811267,741.9968187,37.05421854,19118.23372,1308.863642
22-Oct-20,190.7142793,261.9885614,740.6376037,37.70701346,19066.16021,1309.671668
23-Oct-20,191.1136959,261.7178147,740.8181573,62.24016246,19104.72903,1308.154322
26-Oct-20,191.4896058,261.277899,738.4669093,10.81945642,19143.5618,1306.115197
27-Oct-20,191.1018185,260.960985,737.2014946,35.58060399,19104.70945,1304.722073
28-Oct-20,191.0239079,261.2587445,732.4775167,33.48550794,19095.94572,1306.018639
29-Oct-20,191.0999025,261.2945912,730.5411522,30.82011715,19109.59972,1306.387602
30-Oct-20,190.8088568,261.4783371,728.7380651,33.30078308,19080.56065,1307.030125
02-Nov-20,190.4824982,261.9321254,728.5409123,14.98727899,19043.07568,1309.262105
03-Nov-20,190.253927,262.7049863,733.3581185,51.60754843,19022.40649,1313.518743
04-Nov-20,190.0891398,263.0444235,737.9204794,63.83442634,19002.83941,1315.14707
05-Nov-20,189.6248921,263.5734726,743.075558,43.62308603,18953.924,1317.471063
06-Nov-20,190.1619742,264.5988429,743.1855385,35.11289407,19008.68371,1322.905224
09-Nov-20,191.0212692,264.7573797,746.8685347,22.0491091,19096.63278,1323.627693
10-Nov-20,191.0655036,264.6641241,753.2198004,22.05646708,19097.66287,1323.248677
11-Nov-20,191.3729746,264.638824,752.7888487,28.46642662,19127.90157,1322.974118
12-Nov-20,191.1157957,264.671349,751.4139028,6.04786221,19109.79559,1323.220492
13-Nov-20,191.6375101,264.6672981,752.8663706,49.40507398,19162.41422,1323.330952
16-Nov-20,190.5823301,265.3560322,756.4522848,18.00899472,19051.01031,1326.655808
17-Nov-20,190.4038362,265.2351722,758.989864,20.46899011,19036.68596,1325.864688
18-Nov-20,190.3756199,264.9340869,761.5792895,9.111159109,19029.30972,1324.494343
19-Nov-20,190.2034659,265.0710688,762.2233158,17.2071824,19015.05205,1325.266757
20-Nov-20,190.2586059,265.2183289,768.2443937,47.59357912,19017.753,1325.692845
23-Nov-20,191.0242098,265.3735058,764.4363104,23.80193618,19100.87921,1326.473384
24-Nov-20,191.6498036,265.0103806,768.5943754,18.02716022,19160.29605,1325.022777
25-Nov-20,191.2833592,264.9987989,766.9157671,54.72699044,19121.02617,1324.995379
27-Nov-20,192.1314219,265.41493,777.157183,30.57420382,19212.16611,1326.86504
30-Nov-20,191.6236314,265.2961401,770.9009066,66.66444635,19159.08742,1326.273737
01-Dec-20,191.0390252,265.6015438,773.1585574,40.29674511,19096.14281,1327.743485
02-Dec-20,190.6100764,265.6024015,769.1630437,34.87116958,19053.32487,1327.697741
03-Dec-20,191.0051055,265.8171994,770.3740299,46.26355809,19095.61619,1328.866336
04-Dec-20,190.9169422,266.0122344,774.5743241,51.2665323,19084.52779,1329.914099
07-Dec-20,190.7195387,267.1099001,772.3671772,45.11069104,19063.90492,1335.105363
08-Dec-20,190.1690808,267.3215971,768.0805168,7.938059246,19011.25421,1336.39001
09-Dec-20,190.9815094,267.0172255,778.7393556,26.97511111,19092.09406,1335.013588
10-Dec-20,190.4548405,266.9921901,787.1327367,8.887167876,19038.08753,1334.801949
11-Dec-20,190.7510507,266.808101,780.6223273,31.80107453,19067.76128,1334.035317
14-Dec-20,190.2871758,266.933531,787.2808705,52.96666503,19026.70582,1334.27813
15-Dec-20,190.2364609,266.8339965,788.2535866,64.10036792,19013.76314,1333.810329
16-Dec-20,190.0863451,266.9183066,789.4524419,3.201821636,19006.4784,1334.373786
17-Dec-20,190.0629862,266.7463543,796.5649627,63.54469876,19004.55907,1333.324991
18-Dec-20,190.6394479,266.4477651,798.3114697,50.37707823,19060.15775,1331.853403
21-Dec-20,190.7875826,266.751903,787.5725597,1.907458937,19069.88442,1333.52805
22-Dec-20,191.0940661,266.4629053,779.1019285,42.34161163,19099.4459,1331.928502
23-Dec-20,191.8212945,266.1651291,786.0733005,7.858276906,19175.19878,1330.729397
24-Dec-20,191.8342519,266.3535018,791.1318443,20.73495935,19180.98753,1331.621092
28-Dec-20,192.4447392,266.6776475,791.524427,26.11522616,19238.75949,1333.036178
29-Dec-20,193.3200451,266.3352484,795.6258008,29.73386672,19324.71132,1331.465722
30-Dec-20,193.1935267,266.0037278,801.4055831,70.23701195,19315.20929,1329.980202
31-Dec-20,192.9992116,265.4312042,801.4191703,16.90721495,19297.5561,1326.926672
04-Jan-21,191.0277398,266.227513,809.5874026,9.910765328,19100.55594,1331.033856
05-Jan-21,191.9054693,265.7666745,826.6569503,11.82673509,19187.13699,1328.49734
06-Jan-21,193.3075836,265.6485357,831.4062945,74.12899523,19325.48907,1328.200029
07-Jan-21,193.1115134,266.0595465,831.0873726,40.65141792,19305.45006,1330.159775
08-Jan-21,196.3325644,266.0907576,830.0047106,11.45718345,19626.11568,1330.398947
11-Jan-21,195.6661194,266.3426545,820.1841242,35.27759898,19558.92609,1331.441823
12-Jan-21,196.7066403,266.0193285,841.1012368,66.10765515,19663.85391,1330.05009
13-Jan-21,196.3903959,266.5302687,845.1103142,37.21438488,19637.20868,1332.453567
14-Jan-21,197.1784506,266.4500379,863.1499539,76.41090627,19712.36024,1332.210892
15-Jan-21,197.3068637,266.5633485,854.0783097,8.969728237,19729.35825,1332.59447
19-Jan-21,197.3597112,266.578273,850.3135306,3.24359203,19730.02183,1332.750543
20-Jan-21,196.2209973,266.3912596,849.4536954,44.37990594,19612.78205,1331.685383
21-Jan-21,196.1365837,266.6897603,851.6957868,29.22833797,19609.83019,1333.302042
22-Jan-21,194.6125911,266.7250259,828.3925495,13.01446593,19459.2138,1333.456994
25-Jan-21,194.936576,266.2765198,839.1650761,16.39703274,19492.06982,1331.040374
26-Jan-21,195.6184734,265.9002314,851.180904,36.6219211,19561.77957,1329.01168
27-Jan-21,195.6601655,265.4131286,847.5722473,36.66172573,19560.88135,1327.010702
28-Jan-21,195.2035105,265.2213009,840.5322042,12.29997437,19518.30704,1325.974695
29-Jan-21,195.462547,265.3083747,846.014678,36.54067807,19540.3424,1326.189421
01-Feb-21,194.3384044,264.4826969,852.4130555,77.73000072,19433.59667,1322.338356
02-Feb-21,195.9793425,264.47307,847.5905549,3.734269553,19591.60198,1322.016709
03-Feb-21,196.410563,264.5096627,855.4484731,29.37719886,19632.51457,1322.059258
04-Feb-21,196.9083278,264.0582507,854.3543113,19.65047129,19688.39318,1320.298688
05-Feb-21,196.5003426,264.5998186,860.9899292,7.863428447,19646.50549,1322.875826
08-Feb-21,196.9689342,264.5251654,873.1295474,64.03352635,19690.55939,1322.509856
09-Feb-21,197.2571578,264.6700688,875.8952396,32.15942716,19719.49292,1323.121771
10-Feb-21,196.4981535,264.6717709,869.9788829,74.2219255,19645.12483,1323.263264
11-Feb-21,196.8825641,264.6219707,870.6464505,80.94479372,19684.45999,1323.14296
12-Feb-21,196.8764064,264.4118096,876.9359358,33.96679977,19681.76056,1322.045183
16-Feb-21,197.6090054,263.8920862,892.6766275,25.43472197,19752.60382,1319.516087
17-Feb-21,197.8461382,264.1433878,894.8468387,77.81213287,19782.87058,1320.327945
18-Feb-21,197.8623019,263.989589,901.378674,72.02434794,19776.40871,1319.784208
19-Feb-21,197.8858142,264.2279976,910.3067556,58.71166367,19788.24138,1320.976408
22-Feb-21,198.5435171,264.374743,932.5224945,76.0362009,19853.60531,1321.500732
23-Feb-21,199.4428308,264.3880196,935.0893289,79.40559237,19935.61493,1321.93081
24-Feb-21,200.9288787,264.2213003,962.5034161,68.17420941,20083.01578,1321.086438
25-Feb-21,201.022315,264.5033387,953.2852207,20.75393098,20097.69289,1322.167007
26-Feb-21,201.3302746,264.6012411,908.6014604,44.46569456,20125.94258,1322.847596
01-Mar-21,200.7253357,265.0074609,892.6667347,81.13061443,20071.42875,1325.047733
02-Mar-21,200.3429878,264.9877959,904.5148727,51.50012302,20025.82462,1324.520644
03-Mar-21,202.0398345,265.095118,894.7857552,87.41589821,20197.0463,1324.989464
04-Mar-21,204.952373,265.1909869,893.66455,42.7939602,20488.32752,1325.707061
05-Mar-21,207.0524869,265.1861681,916.3067444,53.75044053,20703.0568,1325.713434
08-Mar-21,207.249718,265.6145172,909.4708366,21.92072115,20723.24336,1327.602096
09-Mar-21,206.3908369,265.6336502,903.4992095,64.90411719,20635.71122,1327.923261
10-Mar-21,205.9742714,265.6714598,905.536058,24.74164164,20590.83141,1327.975132
11-Mar-21,206.8939793,265.5437857,930.8186789,51.59412852,20686.97318,1327.254153
12-Mar-21,207.2264837,265.658518,928.544549,1.128839933,20721.8079,1328.274807
15-Mar-21,207.0115838,265.7587479,923.0655016,36.60955693,20691.52976,1328.512776
16-Mar-21,206.9441573,265.5588783,920.185949,27.56817395,20687.21616,1327.598305
17-Mar-21,206.6009273,265.664218,916.583675,9.664868639,20650.75174,1328.147737
18-Mar-21,203.4655206,265.560975,879.6969325,48.0486181,20343.59973,1327.806836
19-Mar-21,203.7677359,265.3651504,888.0440197,35.89036654,20372.65275,1326.592538
22-Mar-21,203.6124239,265.4119951,893.8785598,18.11523414,20360.02281,1326.595059
23-Mar-21,203.0525147,265.3591796,866.1736734,39.21556093,20301.25908,1326.828136
24-Mar-21,204.9830068,265.5331311,888.2419113,12.53519136,20490.06497,1327.280935
25-Mar-21,203.2635106,265.7059642,869.2846848,59.67613798,20319.16253,1328.08577
26-Mar-21,203.3735464,265.5636203,878.8636066,77.9463221,20336.51679,1327.756135
29-Mar-21,204.2073546,265.6144288,878.4119735,85.5733015,20418.73222,1328.039628
30-Mar-21,204.2560849,265.6969769,867.5400844,19.46788244,20424.92967,1328.459568
31-Mar-21,205.2476948,266.1870417,874.6764281,25.99108206,20515.33021,1330.523484
01-Apr-21,206.8238701,266.4502669,874.3471417,8.827457965,20675.89596,1332.013443
05-Apr-21,205.9854463,266.6958541,873.6280217,68.38885164,20590.36917,1333.523001
06-Apr-21,205.5666887,266.8691333,879.6471474,74.61236726,20547.73106,1334.054627
07-Apr-21,205.356007,266.7437841,879.9767911,47.36097356,20533.62732,1333.605408
08-Apr-21,204.6531958,266.7379451,884.2724179,74.55998574,20457.22455,1333.647225
09-Apr-21,204.6608655,266.9050967,882.8575735,16.17745615,20459.12649,1334.121458
12-Apr-21,204.8898008,267.1839217,879.7492121,76.55321722,20482.86021,1335.643253
13-Apr-21,204.8458658,266.9240428,883.1323674,28.30278201,20480.34493,1334.273079
14-Apr-21,206.5099421,266.5462917,888.2791925,7.848469351,20647.05918,1332.647122
15-Apr-21,205.732032,266.2827509,887.6545062,10.48938921,20572.78177,1330.97061
16-Apr-21,205.283251,266.4380797,884.9035502,76.3198007,20525.45794,1331.994998
19-Apr-21,206.2821168,266.3332941,887.8735877,22.62594629,20623.86869,1331.514822
20-Apr-21,206.2122956,266.3490948,889.8332445,61.52716575,20620.63578,1331.620496
21-Apr-21,205.491721,266.5419591,893.2872938,17.40165523,20547.70664,1332.27102
22-Apr-21,206.3663946,266.1215021,898.1037208,32.06136201,20631.3885,1330.245544
23-Apr-21,206.8874658,266.1037943,900.6322858,36.59174643,20683.55448,1330.374001
26-Apr-21,206.833365,265.619014,909.0820972,49.92948713,20680.61792,1328.11053
27-Apr-21,206.4833759,265.2569034,908.9708606,30.00691854,20645.33052,1325.85932
28-Apr-21,206.572267,264.8936193,914.4039934,35.79922693,20650.88623,1324.223306
29-Apr-21,207.116199,265.1446579,912.9172358,4.440526149,20711.53997,1325.447087
30-Apr-21,207.4407591,264.9509352,919.417283,88.31142066,20734.98847,1324.385987
03-May-21,207.5624581,265.2262283,920.7932674,88.20337428,20751.91943,1325.910171
04-May-21,209.3794042,265.6349459,930.8058591,55.16883883,20930.25254,1327.887856
05-May-21,209.6639289,266.0006908,942.1835812,80.54452986,20962.04314,1329.997804
06-May-21,209.4310273,266.3881977,956.8673259,72.24027127,20935.14009,1331.899601
07-May-21,210.0928697,266.5048726,969.8759207,89.16249821,21008.14022,1332.288511
10-May-21,209.8004904,266.428407,954.5567073,70.1721288,20973.64235,1331.901003
11-May-21,209.8575995,266.2975048,969.4916648,17.75023704,20977.70143,1331.114828
12-May-21,210.9059246,266.0737325,964.7372342,81.78274295,21089.10819,1329.955695
13-May-21,208.724399,266.3139587,924.9436407,74.99345974,20865.41301,1331.410435
14-May-21,208.5411463,266.3887177,931.3553619,53.77994273,20846.16174,1331.881719
17-May-21,207.2816233,265.8038895,943.9981467,6.902875299,20726.28609,1328.851806
18-May-21,207.2028623,265.9836466,952.4862498,50.86243544,20712.32733,1329.745112
19-May-21,205.8886014,266.0644196,914.1984672,5.190352072,20582.07533,1329.946802
20-May-21,205.7545388,266.3469718,910.9743693,1.122265684,20566.73048,1331.508791
21-May-21,206.6403212,266.2523116,906.9978507,40.64695058,20663.75616,1331.271363
24-May-21,#N/A,266.4689136,911.906131,87.16010799,#N/A,1332.157546
25-May-21,206.5351879,266.3884505,908.7501402,2.871139874,20651.41984,1331.690139
26-May-21,206.5059994,266.5971773,910.652816,89.29615988,20644.33312,1332.672213
27-May-21,207.9374766,266.6417876,933.8572915,19.40977743,20786.06194,1332.867324
28-May-21,206.8994116,266.7988846,937.067409,63.44438836,20681.90311,1333.610298
01-Jun-21,208.1669108,267.0055524,947.052298,85.94200677,20815.15708,1335.042294
02-Jun-21,208.982081,267.2718904,955.2543621,33.74363973,20897.60997,1335.975772
03-Jun-21,209.8945661,267.5382751,942.1272335,3.240998901,20980.99337,1337.694401
04-Jun-21,210.5463481,267.4465747,954.0443578,26.88443105,21049.52935,1336.787695
07-Jun-21,211.2636736,267.9652803,950.1666945,0.336850986,21116.48458,1339.456734
08-Jun-21,211.9044936,267.8373533,954.0928093,4.159878241,21184.93736,1339.26957
09-Jun-21,211.6044082,267.7321672,954.0667559,51.32898308,21155.94538,1338.395066
10-Jun-21,211.7849208,267.8574716,955.5360076,56.38672333,21173.62603,1339.048328
11-Jun-21,210.6235292,267.6264085,953.4207736,0.33171587,21055.28917,1338.004837
14-Jun-21,209.5711253,267.5387284,948.0259119,22.91158437,20947.40344,1337.673805
15-Jun-21,210.3546188,267.5254465,945.760084,29.50664366,21033.98677,1337.289955
16-Jun-21,209.3256309,267.4429876,944.055127,55.98112855,20924.97225,1336.810147
17-Jun-21,208.4030524,267.1784833,913.6546029,28.71333709,20830.68775,1335.835536
18-Jun-21,210.4630199,267.5831808,916.0945474,72.61542396,21042.74967,1337.682004
21-Jun-21,210.8857786,267.4357689,926.5886898,67.53737767,21086.7098,1336.714412
22-Jun-21,210.678741,267.3669249,927.109572,52.64308294,21059.40575,1336.771203
23-Jun-21,210.4992052,267.3022332,934.5719785,89.12184931,21048.34284,1336.332401
24-Jun-21,210.5149259,267.3286778,936.2169293,55.15163843,21041.95393,1336.447839
25-Jun-21,208.846563,267.2389438,936.7583223,21.00132094,20884.37384,1335.929262
28-Jun-21,208.9655579,267.4995103,930.9978819,53.46182137,20891.50259,1337.063047
29-Jun-21,209.4501852,267.2664394,932.8487873,63.77696399,20939.1611,1336.329123
30-Jun-21,210.5876196,267.2570656,932.945635,67.03957127,21050.36655,1335.841767
01-Jul-21,211.1689952,267.1192157,940.2985832,80.48400353,21108.35899,1335.41093
02-Jul-21,211.2853678,267.2718644,945.9839405,38.10430094,21121.86976,1336.238346
06-Jul-21,209.6449926,267.1405784,931.4213852,4.490991273,20957.64204,1335.40264
07-Jul-21,208.2409467,267.3918405,923.8730158,21.0736146,20818.35899,1336.600138
08-Jul-21,208.1933501,267.3028135,929.0611702,72.63884609,20814.35958,1336.390451
09-Jul-21,209.2602996,267.3677784,943.3754157,51.25813113,20922.76733,1336.57684
12-Jul-21,208.8917713,267.3710497,938.8333105,27.26895944,20889.0976,1336.840423
13-Jul-21,210.8693092,267.4647321,950.4583977,77.566867,21085.89257,1337.330506
14-Jul-21,209.3721885,267.6577994,940.2771595,12.3213274,20931.41551,1338.03316
15-Jul-21,208.3514822,267.7234209,934.2353829,77.24260811,20829.51998,1338.501937
16-Jul-21,208.0693104,267.9038694,937.0725273,13.17394932,20806.15479,1339.258996
19-Jul-21,203.8564639,268.0123761,890.4944215,85.2741222,20382.70182,1339.773696
20-Jul-21,204.1235774,267.7280511,901.2107224,38.56722346,20406.73289,1338.381687
21-Jul-21,205.3685743,267.6790928,923.2132934,62.76869789,20527.99944,1338.403722
22-Jul-21,205.596854,267.5254982,932.7267573,67.56438425,20551.48892,1337.270514
23-Jul-21,205.8722009,267.4690871,938.6661065,67.29428541,20582.20227,1337.185523
26-Jul-21,204.7810585,267.5049598,939.725859,38.34423972,20470.95459,1337.550396
27-Jul-21,205.5449704,267.6167136,934.7837525,22.57783938,20549.91408,1338.039553
28-Jul-21,205.8441398,267.6668327,938.208519,83.36913769,20583.02187,1338.260312
29-Jul-21,205.8064954,265.9729101,940.886146,34.08782692,20578.82907,1329.885743
30-Jul-21,207.3545483,267.5908523,936.115074,80.06770751,20735.01456,1338.047444
02-Aug-21,205.5334355,267.834693,932.3173049,92.39323265,20545.26444,1339.140666
03-Aug-21,205.3199453,267.9246984,929.6609647,67.61280848,20531.58584,1339.594114
04-Aug-21,202.9519967,268.02935,928.9696369,33.1956988,20292.49445,1340.055237
05-Aug-21,203.9083639,268.1100991,936.2866153,81.74792128,20384.72923,1340.271536
06-Aug-21,204.2688631,268.5444539,929.6066467,52.29299576,20417.9048,1342.778087
09-Aug-21,203.1982795,268.6364131,917.5787668,9.27170597,20314.41879,1342.904002
10-Aug-21,204.5759778,268.5059642,934.5850348,91.32382529,20454.42655,1342.216408
11-Aug-21,205.2361909,268.5273657,941.2098469,4.932157274,20515.71394,1342.264612
12-Aug-21,205.5271257,268.557517,942.6140851,58.58198521,20546.43565,1342.437626
13-Aug-21,204.9494906,268.52457,943.7039359,23.66011472,20485.71158,1342.209797
16-Aug-21,203.3187811,268.3179988,941.6679627,23.15512419,20328.65115,1341.445037
17-Aug-21,204.0982761,268.5030164,938.3001863,86.94224,20404.47959,1342.297745
18-Aug-21,203.4080352,268.4744026,933.6046583,91.9967665,20332.7141,1342.287464
19-Aug-21,202.0146382,268.5873413,920.592476,82.63430796,20195.06246,1342.664732
20-Aug-21,200.4061466,268.4735542,914.905846,15.71120702,20038.64989,1342.301087
23-Aug-21,203.4521656,268.4189748,926.5745019,34.50673316,20340.47101,1342.029419
24-Aug-21,205.1151016,268.3933281,936.1227988,12.23187105,20504.70631,1341.613234
25-Aug-21,206.570548,268.4728499,942.1006329,18.24983853,20655.40119,1342.027999
26-Aug-21,204.08585,268.2566113,942.5936051,26.24214593,20404.08924,1341.24789
27-Aug-21,204.5035805,268.2418599,945.492151,33.46712132,20441.28069,1340.93548
30-Aug-21,205.5666721,268.3677521,945.4531271,59.9530504,20555.71755,1341.738658
31-Aug-21,204.7606361,268.6773066,945.2530936,29.15481881,20476.02862,1343.255642
01-Sep-21,203.9248321,268.7016356,942.0260396,82.80638619,20389.59877,1343.132007
02-Sep-21,206.1063472,268.5926237,945.7816904,37.11207889,20602.34924,1343.033954
03-Sep-21,204.4520472,268.7450245,947.8140178,28.60044536,20444.13678,1343.540686
07-Sep-21,204.67807,268.8394362,946.0542199,54.12638924,20461.6041,1344.074322
08-Sep-21,203.9361228,268.6283455,951.7938716,15.07266074,20388.50147,1343.010869
09-Sep-21,201.3986385,268.6122203,952.6186405,59.58643496,20138.9884,1343.00815
10-Sep-21,202.2252397,268.735246,955.0753418,15.74834314,20216.40788,1343.412464
13-Sep-21,201.9724133,268.6649899,953.8414165,30.41438096,20188.62911,1342.963146
14-Sep-21,202.1552313,268.60979,951.4477631,14.39617072,20212.42083,1342.990711
15-Sep-21,203.1012211,268.4602185,965.4101371,4.362941914,20308.87829,1341.865834
16-Sep-21,204.639657,268.6385685,959.5221207,38.06198646,20457.85104,1342.815873
17-Sep-21,205.587688,268.6010914,956.2535832,66.60900077,20554.06561,1342.843354
20-Sep-21,204.5727775,268.7002019,945.7611341,49.17724796,20453.79315,1343.170966
21-Sep-21,205.9042267,268.8619544,940.3927754,34.04080761,20585.01067,1344.297948
22-Sep-21,207.0494324,268.8178562,949.7302556,86.05654939,20701.61763,1343.998758
23-Sep-21,208.0032837,268.6910296,961.0820299,49.02381416,20799.90102,1343.503203
24-Sep-21,208.2138519,268.701799,965.4205512,95.74785966,20816.08053,1343.114163
27-Sep-21,207.7437627,268.6082039,968.897158,85.22698929,20771.53116,1342.903543
28-Sep-21,206.7268884,268.6216494,971.058418,34.9492709,20672.36411,1342.818961
29-Sep-21,209.8291842,268.7700914,963.9883028,63.72704643,20976.1858,1343.641346
30-Sep-21,209.4411247,268.4406405,964.6254755,14.3808176,20934.31026,1342.134382
01-Oct-21,210.7842358,268.7041107,965.4662025,54.25336583,21075.57074,1343.565103
04-Oct-21,211.5374872,268.7630704,981.1246785,1.201098498,21144.93756,1343.729891
05-Oct-21,210.9269666,268.4608624,1000.102837,75.83420391,21088.9611,1342.293673
06-Oct-21,212.1971193,268.8205646,986.514104,68.75717112,21213.07812,1343.750276
07-Oct-21,212.5583116,268.9039844,992.9297297,12.15300318,21247.76441,1344.122037
08-Oct-21,212.7925692,268.7407767,998.281704,86.51330822,21272.54597,1343.582604
11-Oct-21,214.1495117,269.065925,1005.869522,6.043054476,21411.87279,1345.192095
12-Oct-21,212.9558786,269.0089139,1008.828996,36.36060351,21289.2855,1344.846824
13-Oct-21,212.0635421,268.9343347,1005.38156,82.46275803,21198.06009,1344.592965
14-Oct-21,211.736964,268.8803453,1018.298806,44.06502785,21167.13556,1344.475236
15-Oct-21,212.6814425,268.9095121,1036.426272,82.83136026,21262.85125,1344.368896
18-Oct-21,213.3790964,269.1191443,1027.651124,95.63343852,21335.07147,1345.496771
19-Oct-21,213.5633934,268.9777429,1019.279798,54.37911909,21346.85765,1344.712152
20-Oct-21,213.6962055,268.6775638,1027.221345,32.90584006,21368.89776,1343.255187
21-Oct-21,213.0036633,268.852514,1002.396069,50.63975083,21298.72984,1344.105199
22-Oct-21,213.0563267,268.3473046,1009.053498,100.4735197,21302.27954,1341.64803
25-Oct-21,212.5261952,267.7598169,1021.39385,74.52689917,21246.06296,1338.59339
26-Oct-21,213.2790741,267.7571412,1020.986031,4.939838216,21322.19838,1338.456868
27-Oct-21,212.8662552,267.4216809,999.177485,11.92575785,21283.32177,1336.870697
28-Oct-21,212.8343577,267.8200014,1001.674873,54.04235882,21282.03138,1338.693627
29-Oct-21,212.9066291,267.9536654,1003.723224,2.842052674,21286.29502,1339.527529
01-Nov-21,213.3339468,267.6212372,1021.421411,95.14378909,21323.52385,1338.077896
02-Nov-21,213.5458089,267.765877,1017.109621,17.14733637,21353.79793,1338.460047
03-Nov-21,212.764767,267.6628408,995.3211813,78.93862098,21273.87513,1338.079382
04-Nov-21,212.3613371,267.8711213,980.7479447,90.90278604,21229.46383,1339.2318
05-Nov-21,213.0917929,268.2116233,989.5645317,91.10938818,21306.47898,1340.592134
08-Nov-21,213.3939733,268.1239048,992.861389,33.90051648,21334.71196,1340.198729
09-Nov-21,212.459223,268.4950625,1008.604048,79.05808952,21242.43936,1342.357892
10-Nov-21,211.0439001,268.4410278,1003.843154,99.67317918,21096.07785,1342.135276
11-Nov-21,211.4045351,268.0606707,1007.890371,36.28584455,21133.13305,1340.096931
12-Nov-21,209.6114278,268.6505046,1008.348306,68.64825256,20956.48183,1342.862904
15-Nov-21,209.2723316,268.3555443,1007.512192,16.71237124,20917.40988,1341.781055
16-Nov-21,209.9372888,268.2300543,1002.512106,22.28540432,20990.42089,1340.973235
17-Nov-21,208.3077419,268.8439363,1002.833823,35.63125552,20822.91295,1344.116774
18-Nov-21,209.2487898,269.0952507,1002.074505,28.20174796,20916.9915,1345.063202
19-Nov-21,208.2853073,269.3366514,1003.41166,45.71313093,20825.06614,1346.479283
22-Nov-21,208.8876499,269.2805657,1009.819127,27.80309079,20884.77566,1346.252276
23-Nov-21,210.7646885,269.4457356,1015.955177,51.01696458,21067.85239,1346.939936
24-Nov-21,211.4026246,269.2483984,1016.097505,51.36045527,21137.02687,1345.870008
26-Nov-21,208.0023232,268.7673888,1007.069836,75.8833592,20797.86392,1343.434761
29-Nov-21,208.6937294,269.3230185,1001.170803,76.45349689,20861.26675,1346.571272
30-Nov-21,206.513928,269.7344152,988.4478369,4.117337836,20648.81057,1348.331921
01-Dec-21,205.6201783,269.7653223,988.4992438,78.79560364,20556.83156,1348.659733
02-Dec-21,205.2474876,269.5919795,995.3620443,8.883997228,20516.19031,1347.883365
03-Dec-21,205.3945532,269.7383485,994.9517102,42.21293551,20533.03185,1348.420236
06-Dec-21,205.2689517,270.459109,995.7798536,74.61214559,20525.48526,1351.983046
07-Dec-21,206.1515999,270.857453,995.8303096,4.959914774,20605.28827,1353.99032
08-Dec-21,206.4807505,270.7644106,993.5857616,44.55324983,20640.5627,1353.606849
09-Dec-21,206.5819723,271.0635288,987.9953408,79.23170591,20653.72189,1355.11715
10-Dec-21,207.0739398,271.0402058,985.6686023,37.4052342,20702.78806,1355.169928
13-Dec-21,206.0923099,271.1781838,986.6542173,60.68831728,20608.86835,1355.756254
14-Dec-21,205.7488567,271.0989395,985.3884786,68.80817691,20568.76981,1355.195179
15-Dec-21,206.5396503,271.1707498,980.062077,40.40190856,20651.88963,1355.752562
16-Dec-21,205.5394413,270.9851073,983.780232,76.72618456,20549.74543,1354.517454
17-Dec-21,204.2212574,270.8711056,983.0080933,50.37758827,20413.14366,1354.245143
20-Dec-21,204.9285912,271.0671743,978.02646,25.22294031,20489.42432,1355.207713
21-Dec-21,205.2323102,270.979182,981.341463,93.47133486,20515.68404,1354.583597
22-Dec-21,204.7673531,270.186646,984.5430779,28.62455826,20470.02043,1350.967335
23-Dec-21,204.2934274,270.4937572,984.2342655,55.81285554,20428.17481,1352.05706
27-Dec-21,206.301508,270.2408881,985.5426665,79.83328057,20627.21847,1351.004211
28-Dec-21,206.0905155,270.687038,983.6792792,69.72600714,20599.30692,1353.041695
29-Dec-21,206.2730071,270.6112295,985.4997841,87.68555004,20626.5526,1353.079957
30-Dec-21,204.9489587,270.7246869,984.4035405,2.03975415,20487.78553,1353.668868
31-Dec-21,204.9512563,270.8540495,983.5104737,15.87639882,20488.51411,1354.19289
03-Jan-22,206.2807446,271.1130017,983.7662978,51.92779233,20621.61295,1355.333633
04-Jan-22,206.0957624,271.0890223,987.1102648,24.19377837,20604.03108,1355.325672
05-Jan-22,205.6914296,270.7944975,986.9934143,0.4845498,20563.10948,1354.003017
06-Jan-22,207.1744024,270.8029058,984.1435109,51.77568039,20709.09009,1353.802618
07-Jan-22,206.670318,270.7721224,988.4327537,72.45603083,20664.0751,1353.410608
10-Jan-22,205.4460102,270.869007,986.2347175,97.24984141,20535.95241,1354.13045
11-Jan-22,205.418012,270.4408294,992.4833242,63.86518233,20535.88185,1351.962539
12-Jan-22,204.2183755,269.3892921,994.11504,23.35170668,20413.12906,1346.778807
13-Jan-22,205.3296343,270.7362289,991.808417,26.82157829,20524.16088,1353.449954
14-Jan-22,205.6933786,270.3460682,991.7922312,68.00222498,20567.57609,1351.65454
18-Jan-22,206.0248087,270.2881618,992.2553308,93.65746032,20602.39442,1351.271318
19-Jan-22,205.856954,270.425452,998.7209004,61.29715646,20575.94079,1351.84257
20-Jan-22,206.1805747,270.5460298,1003.666528,97.93548519,20611.41342,1352.471147
21-Jan-22,206.0381637,270.1254123,1003.768858,63.02991013,20600.8936,1350.201903
24-Jan-22,205.3439151,270.0037294,992.541798,56.5073097,20531.2954,1350.073053
25-Jan-22,205.3739992,270.1589841,990.9552338,77.89888981,20535.30852,1350.406384
26-Jan-22,206.4093029,269.8133927,995.0269781,79.25963531,20634.27055,1348.863159
27-Jan-22,207.0046073,269.1942384,993.9719586,4.761419663,20697.89908,1345.844156
28-Jan-22,206.5327377,268.1887215,995.2516233,86.48927265,20650.51535,1340.675029
31-Jan-22,206.795631,267.4337735,999.452062,88.35471294,20676.65111,1336.779561
01-Feb-22,206.7144667,267.4106837,1003.006756,48.52874285,20668.72343,1337.075197
02-Feb-22,205.0823918,265.7697808,1004.813437,94.56452694,20500.06679,1328.672753
03-Feb-22,206.9388563,267.65674,1012.393885,64.06554817,20684.81085,1338.257535
04-Feb-22,208.2652464,268.3162313,1021.424841,23.68425255,20825.14019,1341.217499
07-Feb-22,209.2195229,268.9205709,1023.735242,60.48361551,20913.54535,1344.624264
08-Feb-22,207.9073699,269.2344718,1013.302117,53.68310209,20782.06663,1345.740853
09-Feb-22,208.8932519,269.1060181,1023.666823,62.69627303,20883.14979,1345.445652
10-Feb-22,208.4623241,269.1514292,1027.785451,15.84674984,20837.72286,1345.734377
11-Feb-22,210.3044041,269.0566911,1026.067423,54.53261559,21028.88038,1344.837756
14-Feb-22,209.4065184,269.0042237,1030.656095,92.21005005,20938.80971,1344.594614
15-Feb-22,207.5211989,268.9627609,1021.278687,48.45461262,20747.87308,1344.696107
16-Feb-22,207.0019481,268.8696325,1028.970516,69.97895327,20697.59851,1344.045523
17-Feb-22,206.0606456,269.0035827,1025.074478,91.66000431,20599.81521,1344.81662
18-Feb-22,206.7441501,269.0661873,1026.400726,96.25016919,20671.45951,1345.131447
22-Feb-22,206.8645537,268.582192,1038.465151,24.5403555,20676.65654,1342.900922
23-Feb-22,206.9843719,268.7845772,1038.508781,89.13137685,20693.31326,1343.910371
24-Feb-22,204.6168565,267.5071683,1049.197822,75.18185098,20457.77722,1337.387555
25-Feb-22,204.9460444,267.7959077,1030.664652,26.06169976,20490.09218,1338.881018
28-Feb-22,206.0554491,266.5823027,1049.734596,3.172917478,20604.45909,1332.944083
01-Mar-22,205.435554,265.1896103,1092.898533,95.48809611,20536.64568,1325.95602
02-Mar-22,206.0864745,261.7227859,1124.759304,18.94497278,20606.23161,1308.236021
